{
  "purpose": "Backing artifact for docs/reports/phase_2_round_1_results.md \u00a7DEIM-D-FINE{s,m} methodology-equivalence footnotes (old eval/latest.pth in-loop snapshot vs new --test-only on deployment best ckpt)",
  "generator": "docs/reports/r1_evidence/_deim_eval_diff_audit.py",
  "field_count_per_model": "32 = 4 aggregate (overall AP50, AP, P_bestF1, R_bestF1) + 7 classes \u00d7 4 per-class metrics (AP50, AP, P, R)",
  "models": {
    "s": {
      "aggregate": {
        "overall_ap50": {
          "old": 0.8483858453387548,
          "new": 0.8483858453387548,
          "delta": 0.0
        },
        "overall_ap": {
          "old": 0.6015095155272135,
          "new": 0.6015095155272135,
          "delta": 0.0
        },
        "overall_p": {
          "old": 0.9186408577456922,
          "new": 0.9186408577456922,
          "delta": 0.0
        },
        "overall_r": {
          "old": 0.8457142857142858,
          "new": 0.8457142857142858,
          "delta": 0.0
        }
      },
      "per_class": [
        {
          "class": "red",
          "ap50": {
            "old": 0.9713389372534941,
            "new": 0.9713389372534941,
            "delta": 0.0
          },
          "ap": {
            "old": 0.7548352302032625,
            "new": 0.7548352302032625,
            "delta": 0.0
          },
          "p": {
            "old": 0.9558874013044971,
            "new": 0.9558874013044971,
            "delta": 0.0
          },
          "r": {
            "old": 0.96,
            "new": 0.96,
            "delta": 0.0
          }
        },
        {
          "class": "yellow",
          "ap50": {
            "old": 0.9136415494517384,
            "new": 0.9136415494517384,
            "delta": 0.0
          },
          "ap": {
            "old": 0.5446994932357855,
            "new": 0.5446994932357855,
            "delta": 0.0
          },
          "p": {
            "old": 0.9327731092436975,
            "new": 0.9327731092436975,
            "delta": 0.0
          },
          "r": {
            "old": 0.88,
            "new": 0.88,
            "delta": 0.0
          }
        },
        {
          "class": "green",
          "ap50": {
            "old": 0.9659861039413153,
            "new": 0.9659861039413153,
            "delta": 0.0
          },
          "ap": {
            "old": 0.7075193530048065,
            "new": 0.7075193530048065,
            "delta": 0.0
          },
          "p": {
            "old": 0.9288922155688623,
            "new": 0.9288922155688623,
            "delta": 0.0
          },
          "r": {
            "old": 0.96,
            "new": 0.96,
            "delta": 0.0
          }
        },
        {
          "class": "redLeft",
          "ap50": {
            "old": 0.9753834737399765,
            "new": 0.9753834737399765,
            "delta": 0.0
          },
          "ap": {
            "old": 0.8015156786199095,
            "new": 0.8015156786199095,
            "delta": 0.0
          },
          "p": {
            "old": 0.9469813055470426,
            "new": 0.9469813055470426,
            "delta": 0.0
          },
          "r": {
            "old": 0.96,
            "new": 0.96,
            "delta": 0.0
          }
        },
        {
          "class": "greenLeft",
          "ap50": {
            "old": 0.9143525392532612,
            "new": 0.9143525392532612,
            "delta": 0.0
          },
          "ap": {
            "old": 0.5862128868099078,
            "new": 0.5862128868099078,
            "delta": 0.0
          },
          "p": {
            "old": 0.9159519725557461,
            "new": 0.9159519725557461,
            "delta": 0.0
          },
          "r": {
            "old": 0.91,
            "new": 0.91,
            "delta": 0.0
          }
        },
        {
          "class": "redRight",
          "ap50": {
            "old": 0.5051385815340216,
            "new": 0.5051385815340216,
            "delta": 0.0
          },
          "ap": {
            "old": 0.28713396794965956,
            "new": 0.28713396794965956,
            "delta": 0.0
          },
          "p": {
            "old": 1.0,
            "new": 1.0,
            "delta": 0.0
          },
          "r": {
            "old": 0.5,
            "new": 0.5,
            "delta": 0.0
          }
        },
        {
          "class": "greenRight",
          "ap50": {
            "old": 0.6928597321974763,
            "new": 0.6928597321974763,
            "delta": 0.0
          },
          "ap": {
            "old": 0.5286499988671636,
            "new": 0.5286499988671636,
            "delta": 0.0
          },
          "p": {
            "old": 0.75,
            "new": 0.75,
            "delta": 0.0
          },
          "r": {
            "old": 0.75,
            "new": 0.75,
            "delta": 0.0
          }
        }
      ],
      "max_abs_delta_across_32_fields": 0.0
    },
    "m": {
      "aggregate": {
        "overall_ap50": {
          "old": 0.8587992814133539,
          "new": 0.8587119728058276,
          "delta": -8.730860752637071e-05
        },
        "overall_ap": {
          "old": 0.6131894800586297,
          "new": 0.6134163444190504,
          "delta": 0.00022686436042063107
        },
        "overall_p": {
          "old": 0.9513475148807481,
          "new": 0.9550876829140583,
          "delta": 0.0037401680333102316
        },
        "overall_r": {
          "old": 0.8471428571428572,
          "new": 0.8428571428571429,
          "delta": -0.004285714285714337
        }
      },
      "per_class": [
        {
          "class": "red",
          "ap50": {
            "old": 0.9714833143496534,
            "new": 0.9723408410306179,
            "delta": 0.0008575266809645044
          },
          "ap": {
            "old": 0.7544305445073475,
            "new": 0.7544128786365977,
            "delta": -1.7665870749805634e-05
          },
          "p": {
            "old": 0.9556413556413557,
            "new": 0.9556375493392827,
            "delta": -3.8063020729728336e-06
          },
          "r": {
            "old": 0.96,
            "new": 0.96,
            "delta": 0.0
          }
        },
        {
          "class": "yellow",
          "ap50": {
            "old": 0.9215949736015359,
            "new": 0.9196624516377472,
            "delta": -0.0019325219637886804
          },
          "ap": {
            "old": 0.5447623661048331,
            "new": 0.5453311675938287,
            "delta": 0.0005688014889956294
          },
          "p": {
            "old": 0.920656634746922,
            "new": 0.9301675977653632,
            "delta": 0.009510963018441121
          },
          "r": {
            "old": 0.89,
            "new": 0.88,
            "delta": -0.010000000000000009
          }
        },
        {
          "class": "green",
          "ap50": {
            "old": 0.9673267677604412,
            "new": 0.9675345436096149,
            "delta": 0.00020777584917364145
          },
          "ap": {
            "old": 0.7091573244636694,
            "new": 0.7091193972405209,
            "delta": -3.792722314854835e-05
          },
          "p": {
            "old": 0.9399112063686467,
            "new": 0.9399112063686467,
            "delta": 0.0
          },
          "r": {
            "old": 0.9500000000000001,
            "new": 0.9500000000000001,
            "delta": 0.0
          }
        },
        {
          "class": "redLeft",
          "ap50": {
            "old": 0.9745576577299523,
            "new": 0.9747218418997577,
            "delta": 0.00016418416980545913
          },
          "ap": {
            "old": 0.8023569661500237,
            "new": 0.8022449907948547,
            "delta": -0.00011197535516904722
          },
          "p": {
            "old": 0.9319606087735004,
            "new": 0.9412123058178495,
            "delta": 0.009251697044349139
          },